{
  "version": 1,
  "author": "TS karan",
  "editor": "wokwi",
  "parts": [
    { "type": "wokwi-arduino-uno", "id": "uno", "top": -95.4, "left": 239.4, "attrs": {} },
    { "type": "wokwi-led", "id": "led1", "top": -234, "left": 119, "attrs": { "color": "red" } },
    {
      "type": "wokwi-led",
      "id": "led2",
      "top": -186,
      "left": 157.4,
      "attrs": { "color": "blue" }
    },
    {
      "type": "wokwi-resistor",
      "id": "r1",
      "top": -149.65,
      "left": 240,
      "attrs": { "value": "1000" }
    },
    {
      "type": "wokwi-resistor",
      "id": "r2",
      "top": -197.65,
      "left": 211.2,
      "attrs": { "value": "220000" }
    },
    {
      "type": "wokwi-pushbutton",
      "id": "btn1",
      "top": -51.4,
      "left": 19.2,
      "attrs": { "color": "green" }
    },
    { "type": "wokwi-servo", "id": "servo1", "top": -30.8, "left": 624, "attrs": {} }
  ],
  "connections": [
    [ "led1:A", "r2:1", "green", [ "v0" ] ],
    [ "r2:2", "uno:8", "green", [ "v0", "h526.8" ] ],
    [ "led2:A", "r1:1", "#8f4814", [ "v0" ] ],
    [ "r1:2", "uno:7", "#8f4814", [ "v-9.6", "h450" ] ],
    [ "led1:C", "uno:GND.2", "green", [ "v364.8", "h288.4" ] ],
    [ "led2:C", "uno:GND.2", "#8f4814", [ "v297.6", "h221.2" ] ],
    [ "btn1:2.r", "uno:GND.2", "red", [ "h0.2", "v221", "h297.6" ] ],
    [ "btn1:1.l", "uno:2", "red", [ "h0", "v-86.4", "h451.2" ] ],
    [ "servo1:GND", "uno:GND.3", "black", [ "h-38.4", "v115.2", "h-163.2" ] ],
    [ "servo1:V+", "uno:5V", "orange", [ "h-19.2", "v115.3", "h-230.4" ] ],
    [ "servo1:PWM", "uno:9", "gold", [ "h-76.8", "v-211", "h-172.8" ] ]
  ],
  "dependencies": {}
}