{
  "version": 1,
  "author": "Ts karan",
  "editor": "wokwi",
  "parts": [
    { "type": "wokwi-arduino-uno", "id": "uno", "top": -9, "left": -250.2, "attrs": {} },
    { "type": "wokwi-potentiometer", "id": "pot1", "top": 8.3, "left": -422.6, "attrs": {} },
    { "type": "wokwi-relay-module", "id": "relay1", "top": -105.4, "left": -163.2, "attrs": {} },
    {
      "type": "wokwi-buzzer",
      "id": "bz1",
      "top": 31.2,
      "left": 88.2,
      "attrs": { "volume": "0.1" }
    },
    { "type": "wokwi-dht22", "id": "dht1", "top": 19.5, "left": -514.2, "attrs": {} },
    {
      "type": "wokwi-led",
      "id": "led1",
      "top": -109.2,
      "left": 42.2,
      "attrs": { "color": "red" }
    }
  ],
  "connections": [
    [ "relay1:VCC", "uno:5V", "red", [ "h-144", "v259.2", "h0", "v67.2", "h211.2" ] ],
    [ "relay1:GND", "uno:GND.2", "black", [ "h-134.4", "v326", "h230.4" ] ],
    [ "relay1:IN", "uno:3", "green", [ "h0", "v38.2", "h134.4" ] ],
    [ "relay1:NO", "led1:C", "green", [ "h0" ] ],
    [ "led1:A", "uno:GND.3", "green", [ "v288", "h-9.6" ] ],
    [ "bz1:2", "uno:4", "green", [ "v0", "h76.4", "v-153.6", "h-240" ] ],
    [ "bz1:1", "uno:GND.2", "green", [ "v115.2", "h-182.4", "v0", "h-57.6" ] ],
    [ "pot1:GND", "uno:GND.2", "black", [ "v182.4", "h307.2" ] ],
    [ "pot1:SIG", "uno:A0", "green", [ "v192", "h345.2" ] ],
    [ "pot1:VCC", "uno:5V", "red", [ "v201.6", "h268" ] ],
    [ "dht1:GND", "uno:GND.3", "black", [ "v230.4", "h432" ] ],
    [ "dht1:VCC", "uno:5V", "red", [ "v249.6", "h384" ] ],
    [ "dht1:SDA", "uno:2", "green", [ "v9.6", "h-38.3", "v-163.2", "h514.3" ] ]
  ],
  "dependencies": {}
}