{
  "version": 1,
  "author": "TS karan",
  "editor": "wokwi",
  "parts": [
    { "type": "wokwi-arduino-uno", "id": "uno", "top": 0, "left": 0, "attrs": {} },
    { "type": "wokwi-dht22", "id": "dht1", "top": -162.9, "left": -72.6, "attrs": {} },
    {
      "type": "wokwi-resistor",
      "id": "r1",
      "top": 167.15,
      "left": -153.6,
      "attrs": { "value": "10000" }
    }
  ],
  "connections": [
    [ "r1:2", "uno:5V", "green", [ "v57.6", "h254.8" ] ],
    [ "r1:1", "dht1:VCC", "green", [ "v0" ] ],
    [ "dht1:GND", "uno:GND.2", "black", [ "v297.6", "h211.2", "v-58.1" ] ],
    [ "dht1:SDA", "uno:2", "green", [ "v19.2", "h211.3" ] ]
  ],
  "dependencies": {}
}