{
  "version": 1,
  "author": "TS karan",
  "editor": "wokwi",
  "parts": [
    { "type": "wokwi-arduino-uno", "id": "uno", "top": 0, "left": 0, "attrs": {} },
    {
      "type": "wokwi-pushbutton",
      "id": "btn1",
      "top": 159.8,
      "left": 384,
      "attrs": { "color": "yellow" }
    },
    {
      "type": "wokwi-pushbutton",
      "id": "btn2",
      "top": 102.2,
      "left": 364.8,
      "attrs": { "color": "red" }
    },
    {
      "type": "wokwi-pushbutton",
      "id": "btn3",
      "top": 44.6,
      "left": 355.2,
      "attrs": { "color": "green" }
    },
    { "type": "wokwi-ds1307", "id": "rtc1", "top": -168.6, "left": 230.5, "attrs": {} },
    { "type": "wokwi-lcd1602", "id": "lcd1", "top": -342.17, "left": 16, "attrs": {} }
  ],
  "connections": [
    [ "btn3:1.l", "uno:7", "green", [ "h-67.2", "v-86.4", "h-105.6" ] ],
    [ "btn3:2.l", "btn2:2.l", "green", [ "h0", "v48.2" ] ],
    [ "btn2:2.l", "btn1:2.l", "green", [ "h-9.6", "v57.8" ] ],
    [ "btn2:1.l", "uno:6", "red", [ "h-57.6", "v-134.4", "h-105.6" ] ],
    [ "btn1:1.l", "uno:5", "yellow", [ "h-57.6", "v-182.4", "h-115.2" ] ],
    [ "rtc1:GND", "uno:GND.1", "black", [ "h-124.8" ] ],
    [ "rtc1:5V", "uno:5V", "red", [ "h-288", "v374", "h192" ] ],
    [ "rtc1:SDA", "uno:A4.2", "green", [ "h0" ] ],
    [ "rtc1:SCL", "uno:A5.2", "yellow", [ "h0" ] ],
    [ "lcd1:VSS", "uno:GND.1", "#8f4814", [ "v172.8", "h67.2" ] ],
    [ "lcd1:VDD", "rtc1:5V", "red", [ "v0" ] ],
    [ "lcd1:RS", "uno:8", "orange", [ "v163.2", "h86.7" ] ],
    [ "lcd1:RW", "uno:GND.1", "gold", [ "v134.4", "h76.7" ] ],
    [ "lcd1:E", "uno:9", "green", [ "v153.6", "h67.2" ] ],
    [ "lcd1:D4", "uno:10", "blue", [ "v201.6", "h9.6" ] ],
    [ "lcd1:D5", "uno:11", "violet", [ "v192", "h-28.7" ] ],
    [ "lcd1:D6", "uno:12", "gray", [ "v134.4", "h-28.6" ] ],
    [ "lcd1:D7", "uno:13", "white", [ "v124.8", "h-47.7" ] ],
    [ "lcd1:A", "uno:3.3V", "purple", [ "v28.8", "h-278.5", "v403.2", "h240" ] ],
    [ "lcd1:K", "uno:GND.1", "magenta", [ "v48", "h-76.8" ] ]
  ],
  "dependencies": {}
}