{
  "version": 1,
  "author": "TS karan",
  "editor": "wokwi",
  "parts": [
    { "type": "wokwi-arduino-uno", "id": "uno", "top": -66.6, "left": 201, "attrs": {} },
    {
      "type": "wokwi-lcd1602",
      "id": "lcd1",
      "top": 140.8,
      "left": 533.6,
      "attrs": { "pins": "i2c" }
    },
    {
      "type": "wokwi-buzzer",
      "id": "bz1",
      "top": -180,
      "left": 309,
      "attrs": { "volume": "0.1" }
    },
    { "type": "wokwi-potentiometer", "id": "pot1", "top": -78.1, "left": 9.4, "attrs": {} }
  ],
  "connections": [
    [ "pot1:VCC", "uno:5V", "red", [ "v172.8", "h306.4" ] ],
    [ "pot1:GND", "uno:GND.2", "black", [ "v192", "h336", "v-57.5" ] ],
    [ "bz1:1", "uno:GND.3", "green", [ "v0", "h-153.6", "v288", "h201.6" ] ],
    [ "bz1:2", "uno:8", "green", [ "v0", "h28.4" ] ],
    [ "lcd1:GND", "uno:GND.2", "black", [ "h-240" ] ],
    [ "lcd1:VCC", "uno:5V", "red", [ "h-124.8", "v0.1", "h-326.4" ] ],
    [ "lcd1:SDA", "uno:A4", "orange", [ "h-86.4", "v-66.9" ] ],
    [ "lcd1:SCL", "uno:A5", "gold", [ "h-57.6", "v0.3", "h-67.2" ] ]
  ],
  "dependencies": {}
}